sample,subtype,percent_mapped
1,B,96.70414752140559
2,B,94.09024317295848
7,B,95.30158244782508
6,B,94.48480296025933
5,B,96.8648734617602
8,B,94.47394214490505
3,B,92.88577459357431
9,B,91.38836641587962
4,B,97.07979559554725
10,B,92.85052303627239
